{"ColorChip":{"backgroundColor":0,"maskColor":"#FF00FF","unique":false,"debug":false},"DisplayChip":{"width":264,"height":248,"overscanX":1,"overscanY":1,"layers":6},"FontChip":{"unique":true,"pages":2},"GameChip":{"totalMetaSprites":96,"lockSpecs":false,"maxSize":512,"saveSlots":8},"MusicChip":{"totalSongs":32,"notesPerTrack":127,"totalPatterns":24,},"SoundChip":{"totalChannels":5,"totalSounds":32,"channelTypes":[-1,-1,-1,-1,-1]},"SpriteChip":{"maxSpriteCount":0,"unique":false,"spriteWidth":8,"spriteHeight":8,"pages":8,"cps":16},"TilemapChip":{"columns":256,"rows":256,"totalFlags":16,"autoImport":false}}