{"width":256,"height":256,"nextobjectid":1,"orientation":"orthogonal","renderorder":"right-down","tiledversion":"1.0.3","tilewidth":8,"tileheight":8,"type":"map","version":1,"backgroundcolor":"#FF00FF","tilesets": [{"columns":16,"firstgid":1,"image":"sprites.png","imagewidth":128,"imageheight":1024,"margin":0,"name":"sprites","spacing":0,"tilewidth":8,"tileheight":8,"tilecount":2048,"transparentcolor":"#FF00FF"}],"layers": [{"draworder":"topdown","name":"Tilemap","id":1,"type":"objectgroup","opacity":1,"visible":true,"x":0,"y":0,"objects": [{"name":"Tile:0,0","gid":25,"width":8,"height":8,"x":0,"y":8,"properties": [{"name":"flagID","type":"int","value":0},{"name":"colorOffset","type":"int","value":128}]},{"name":"Tile:1,0","gid":25,"width":8,"height":8,"x":8,"y":8,"properties": [{"name":"flagID","type":"int","value":0},{"name":"colorOffset","type":"int","value":128}]},{"name":"Tile:2,0","gid":25,"width":8,"height":8,"x":16,"y":8,"properties": [{"name":"flagID","type":"int","value":0},{"name":"colorOffset","type":"int","value":128}]},{"name":"Tile:3,0","gid":25,"width":8,"height":8,"x":24,"y":8,"properties": [{"name":"flagID","type":"int","value":0},{"name":"colorOffset","type":"int","value":128}]},{"name":"Tile:4,0","gid":25,"width":8,"height":8,"x":32,"y":8,"properties": [{"name":"flagID","type":"int","value":0},{"name":"colorOffset","type":"int","value":128}]},{"name":"Tile:5,0","gid":25,"width":8,"height":8,"x":40,"y":8,"properties": [{"name":"flagID","type":"int","value":0},{"name":"colorOffset","type":"int","value":128}]},{"name":"Tile:6,0","gid":25,"width":8,"height":8,"x":48,"y":8,"properties": [{"name":"flagID","type":"int","value":0},{"name":"colorOffset","type":"int","value":128}]},{"name":"Tile:7,0","gid":25,"width":8,"height":8,"x":56,"y":8,"properties": [{"name":"flagID","type":"int","value":0},{"name":"colorOffset","type":"int","value":128}]},{"name":"Tile:8,0","gid":25,"width":8,"height":8,"x":64,"y":8,"properties": [{"name":"flagID","type":"int","value":0},{"name":"colorOffset","type":"int","value":128}]},{"name":"Tile:9,0","gid":25,"width":8,"height":8,"x":72,"y":8,"properties": [{"name":"flagID","type":"int","value":0},{"name":"colorOffset","type":"int","value":128}]},{"name":"Tile:10,0","gid":25,"width":8,"height":8,"x":80,"y":8,"properties": [{"name":"flagID","type":"int","value":0},{"name":"colorOffset","type":"int","value":128}]},{"name":"Tile:11,0","gid":25,"width":8,"height":8,"x":88,"y":8,"properties": [{"name":"flagID","type":"int","value":0},{"name":"colorOffset","type":"int","value":128}]},{"name":"Tile:12,0","gid":25,"width":8,"height":8,"x":96,"y":8,"properties": [{"name":"flagID","type":"int","value":0},{"name":"colorOffset","type":"int","value":128}]},{"name":"Tile:13,0","gid":25,"width":8,"height":8,"x":104,"y":8,"properties": [{"name":"flagID","type":"int","value":0},{"name":"colorOffset","type":"int","value":128}]},{"name":"Tile:14,0","gid":25,"width":8,"height":8,"x":112,"y":8,"properties": [{"name":"flagID","type":"int","value":0},{"name":"colorOffset","type":"int","value":128}]},{"name":"Tile:15,0","gid":25,"width":8,"height":8,"x":120,"y":8,"properties": [{"name":"flagID","type":"int","value":0},{"name":"colorOffset","type":"int","value":128}]},{"name":"Tile:16,0","gid":25,"width":8,"height":8,"x":128,"y":8,"properties": [{"name":"flagID","type":"int","value":0},{"name":"colorOffset","type":"int","value":128}]},{"name":"Tile:17,0","gid":25,"width":8,"height":8,"x":136,"y":8,"properties": [{"name":"flagID","type":"int","value":0},{"name":"colorOffset","type":"int","value":128}]},{"name":"Tile:18,0","gid":25,"width":8,"height":8,"x":144,"y":8,"properties": [{"name":"flagID","type":"int","value":0},{"name":"colorOffset","type":"int","value":128}]},{"name":"Tile:19,0","gid":25,"width":8,"height":8,"x":152,"y":8,"properties": [{"name":"flagID","type":"int","value":0},{"name":"colorOffset","type":"int","value":128}]},{"name":"Tile:20,0","gid":25,"width":8,"height":8,"x":160,"y":8,"properties": [{"name":"flagID","type":"int","value":0},{"name":"colorOffset","type":"int","value":128}]},{"name":"Tile:21,0","gid":25,"width":8,"height":8,"x":168,"y":8,"properties": [{"name":"flagID","type":"int","value":0},{"name":"colorOffset","type":"int","value":128}]},{"name":"Tile:22,0","gid":25,"width":8,"height":8,"x":176,"y":8,"properties": [{"name":"flagID","type":"int","value":0},{"name":"colorOffset","type":"int","value":128}]},{"name":"Tile:23,0","gid":25,"width":8,"height":8,"x":184,"y":8,"properties": [{"name":"flagID","type":"int","value":0},{"name":"colorOffset","type":"int","value":128}]},{"name":"Tile:24,0","gid":25,"width":8,"height":8,"x":192,"y":8,"properties": [{"name":"flagID","type":"int","value":0},{"name":"colorOffset","type":"int","value":128}]},{"name":"Tile:25,0","gid":25,"width":8,"height":8,"x":200,"y":8,"properties": [{"name":"flagID","type":"int","value":0},{"name":"colorOffset","type":"int","value":128}]},{"name":"Tile:26,0","gid":25,"width":8,"height":8,"x":208,"y":8,"properties": [{"name":"flagID","type":"int","value":0},{"name":"colorOffset","type":"int","value":128}]},{"name":"Tile:27,0","gid":25,"width":8,"height":8,"x":216,"y":8,"properties": [{"name":"flagID","type":"int","value":0},{"name":"colorOffset","type":"int","value":128}]},{"name":"Tile:28,0","gid":25,"width":8,"height":8,"x":224,"y":8,"properties": [{"name":"flagID","type":"int","value":0},{"name":"colorOffset","type":"int","value":128}]},{"name":"Tile:29,0","gid":25,"width":8,"height":8,"x":232,"y":8,"properties": [{"name":"flagID","type":"int","value":0},{"name":"colorOffset","type":"int","value":128}]},{"name":"Tile:30,0","gid":25,"width":8,"height":8,"x":240,"y":8,"properties": [{"name":"flagID","type":"int","value":0},{"name":"colorOffset","type":"int","value":128}]},{"name":"Tile:31,0","gid":25,"width":8,"height":8,"x":248,"y":8,"properties": [{"name":"flagID","type":"int","value":0},{"name":"colorOffset","type":"int","value":128}]},{"name":"Tile:32,0","gid":25,"width":8,"height":8,"x":256,"y":8,"properties": [{"name":"flagID","type":"int","value":0},{"name":"colorOffset","type":"int","value":128}]},{"name":"Tile:33,0","gid":25,"width":8,"height":8,"x":264,"y":8,"properties": [{"name":"flagID","type":"int","value":255},{"name":"colorOffset","type":"int","value":128}]},{"name":"Tile:10,1","gid":26,"width":8,"height":8,"x":80,"y":16,"properties": [{"name":"flagID","type":"int","value":255},{"name":"colorOffset","type":"int","value":128}]},{"name":"Tile:11,1","gid":26,"width":8,"height":8,"x":88,"y":16,"properties": [{"name":"flagID","type":"int","value":255},{"name":"colorOffset","type":"int","value":128}]},{"name":"Tile:12,1","gid":26,"width":8,"height":8,"x":96,"y":16,"properties": [{"name":"flagID","type":"int","value":255},{"name":"colorOffset","type":"int","value":128}]},{"name":"Tile:13,1","gid":26,"width":8,"height":8,"x":104,"y":16,"properties": [{"name":"flagID","type":"int","value":255},{"name":"colorOffset","type":"int","value":128}]},{"name":"Tile:14,1","gid":26,"width":8,"height":8,"x":112,"y":16,"properties": [{"name":"flagID","type":"int","value":255},{"name":"colorOffset","type":"int","value":128}]},{"name":"Tile:15,1","gid":26,"width":8,"height":8,"x":120,"y":16,"properties": [{"name":"flagID","type":"int","value":255},{"name":"colorOffset","type":"int","value":128}]},{"name":"Tile:16,1","gid":26,"width":8,"height":8,"x":128,"y":16,"properties": [{"name":"flagID","type":"int","value":255},{"name":"colorOffset","type":"int","value":128}]},{"name":"Tile:17,1","gid":26,"width":8,"height":8,"x":136,"y":16,"properties": [{"name":"flagID","type":"int","value":255},{"name":"colorOffset","type":"int","value":128}]},{"name":"Tile:18,1","gid":26,"width":8,"height":8,"x":144,"y":16,"properties": [{"name":"flagID","type":"int","value":255},{"name":"colorOffset","type":"int","value":128}]},{"name":"Tile:19,1","gid":26,"width":8,"height":8,"x":152,"y":16,"properties": [{"name":"flagID","type":"int","value":255},{"name":"colorOffset","type":"int","value":128}]},{"name":"Tile:20,1","gid":26,"width":8,"height":8,"x":160,"y":16,"properties": [{"name":"flagID","type":"int","value":255},{"name":"colorOffset","type":"int","value":128}]},{"name":"Tile:21,1","gid":26,"width":8,"height":8,"x":168,"y":16,"properties": [{"name":"flagID","type":"int","value":255},{"name":"colorOffset","type":"int","value":128}]},{"name":"Tile:25,1","gid":26,"width":8,"height":8,"x":200,"y":16,"properties": [{"name":"flagID","type":"int","value":255},{"name":"colorOffset","type":"int","value":128}]},{"name":"Tile:26,1","gid":26,"width":8,"height":8,"x":208,"y":16,"properties": [{"name":"flagID","type":"int","value":255},{"name":"colorOffset","type":"int","value":128}]},{"name":"Tile:27,1","gid":26,"width":8,"height":8,"x":216,"y":16,"properties": [{"name":"flagID","type":"int","value":255},{"name":"colorOffset","type":"int","value":128}]},{"name":"Tile:31,1","gid":25,"width":8,"height":8,"x":248,"y":16,"properties": [{"name":"flagID","type":"int","value":255},{"name":"colorOffset","type":"int","value":128}]},{"name":"Tile:32,1","gid":25,"width":8,"height":8,"x":256,"y":16,"properties": [{"name":"flagID","type":"int","value":255},{"name":"colorOffset","type":"int","value":128}]},{"name":"Tile:33,1","gid":25,"width":8,"height":8,"x":264,"y":16,"properties": [{"name":"flagID","type":"int","value":255},{"name":"colorOffset","type":"int","value":128}]},{"name":"Tile:21,2","gid":26,"width":8,"height":8,"x":168,"y":24,"properties": [{"name":"flagID","type":"int","value":255},{"name":"colorOffset","type":"int","value":128}]},{"name":"Tile:22,2","gid":26,"width":8,"height":8,"x":176,"y":24,"properties": [{"name":"flagID","type":"int","value":255},{"name":"colorOffset","type":"int","value":128}]},{"name":"Tile:23,2","gid":26,"width":8,"height":8,"x":184,"y":24,"properties": [{"name":"flagID","type":"int","value":255},{"name":"colorOffset","type":"int","value":128}]},{"name":"Tile:24,2","gid":26,"width":8,"height":8,"x":192,"y":24,"properties": [{"name":"flagID","type":"int","value":255},{"name":"colorOffset","type":"int","value":128}]},{"name":"Tile:25,2","gid":26,"width":8,"height":8,"x":200,"y":24,"properties": [{"name":"flagID","type":"int","value":255},{"name":"colorOffset","type":"int","value":128}]},{"name":"Tile:37,3","gid":42,"width":8,"height":8,"x":296,"y":32,"properties": [{"name":"flagID","type":"int","value":255},{"name":"colorOffset","type":"int","value":128}]},{"name":"Tile:15,13","gid":3,"width":8,"height":8,"x":120,"y":112,"properties": [{"name":"flagID","type":"int","value":255},{"name":"colorOffset","type":"int","value":128}]},{"name":"Tile:16,13","gid":3,"width":8,"height":8,"x":128,"y":112,"properties": [{"name":"flagID","type":"int","value":255},{"name":"colorOffset","type":"int","value":128}]},{"name":"Tile:17,13","gid":3,"width":8,"height":8,"x":136,"y":112,"properties": [{"name":"flagID","type":"int","value":255},{"name":"colorOffset","type":"int","value":128}]},{"name":"Tile:18,13","gid":3,"width":8,"height":8,"x":144,"y":112,"properties": [{"name":"flagID","type":"int","value":255},{"name":"colorOffset","type":"int","value":128}]},{"name":"Tile:19,13","gid":3,"width":8,"height":8,"x":152,"y":112,"properties": [{"name":"flagID","type":"int","value":255},{"name":"colorOffset","type":"int","value":128}]},{"name":"Tile:20,13","gid":3,"width":8,"height":8,"x":160,"y":112,"properties": [{"name":"flagID","type":"int","value":255},{"name":"colorOffset","type":"int","value":128}]},{"name":"Tile:21,13","gid":3,"width":8,"height":8,"x":168,"y":112,"properties": [{"name":"flagID","type":"int","value":255},{"name":"colorOffset","type":"int","value":128}]},{"name":"Tile:22,13","gid":3,"width":8,"height":8,"x":176,"y":112,"properties": [{"name":"flagID","type":"int","value":255},{"name":"colorOffset","type":"int","value":128}]},{"name":"Tile:23,13","gid":3,"width":8,"height":8,"x":184,"y":112,"properties": [{"name":"flagID","type":"int","value":255},{"name":"colorOffset","type":"int","value":128}]},{"name":"Tile:13,18","gid":17,"width":8,"height":8,"x":104,"y":152,"properties": [{"name":"flagID","type":"int","value":0},{"name":"colorOffset","type":"int","value":128}]},{"name":"Tile:18,18","gid":17,"width":8,"height":8,"x":144,"y":152,"properties": [{"name":"flagID","type":"int","value":0},{"name":"colorOffset","type":"int","value":128}]},{"name":"Tile:13,19","gid":17,"width":8,"height":8,"x":104,"y":160,"properties": [{"name":"flagID","type":"int","value":0},{"name":"colorOffset","type":"int","value":128}]},{"name":"Tile:14,19","gid":17,"width":8,"height":8,"x":112,"y":160,"properties": [{"name":"flagID","type":"int","value":0},{"name":"colorOffset","type":"int","value":128}]},{"name":"Tile:15,19","gid":17,"width":8,"height":8,"x":120,"y":160,"properties": [{"name":"flagID","type":"int","value":0},{"name":"colorOffset","type":"int","value":128}]},{"name":"Tile:16,19","gid":17,"width":8,"height":8,"x":128,"y":160,"properties": [{"name":"flagID","type":"int","value":0},{"name":"colorOffset","type":"int","value":128}]},{"name":"Tile:17,19","gid":17,"width":8,"height":8,"x":136,"y":160,"properties": [{"name":"flagID","type":"int","value":0},{"name":"colorOffset","type":"int","value":128}]},{"name":"Tile:18,19","gid":17,"width":8,"height":8,"x":144,"y":160,"properties": [{"name":"flagID","type":"int","value":0},{"name":"colorOffset","type":"int","value":128}]},{"name":"Tile:0,20","gid":17,"width":8,"height":8,"x":0,"y":168,"properties": [{"name":"flagID","type":"int","value":0},{"name":"colorOffset","type":"int","value":128}]},{"name":"Tile:0,21","gid":17,"width":8,"height":8,"x":0,"y":176,"properties": [{"name":"flagID","type":"int","value":0},{"name":"colorOffset","type":"int","value":128}]},{"name":"Tile:0,22","gid":17,"width":8,"height":8,"x":0,"y":184,"properties": [{"name":"flagID","type":"int","value":0},{"name":"colorOffset","type":"int","value":128}]},{"name":"Tile:23,22","gid":0,"width":8,"height":8,"x":184,"y":184,"properties": [{"name":"flagID","type":"int","value":1},{"name":"colorOffset","type":"int","value":0}]},{"name":"Tile:31,22","gid":17,"width":8,"height":8,"x":248,"y":184,"properties": [{"name":"flagID","type":"int","value":0},{"name":"colorOffset","type":"int","value":128}]},{"name":"Tile:0,23","gid":17,"width":8,"height":8,"x":0,"y":192,"properties": [{"name":"flagID","type":"int","value":0},{"name":"colorOffset","type":"int","value":128}]},{"name":"Tile:18,23","gid":17,"width":8,"height":8,"x":144,"y":192,"properties": [{"name":"flagID","type":"int","value":0},{"name":"colorOffset","type":"int","value":128}]},{"name":"Tile:19,23","gid":17,"width":8,"height":8,"x":152,"y":192,"properties": [{"name":"flagID","type":"int","value":0},{"name":"colorOffset","type":"int","value":128}]},{"name":"Tile:20,23","gid":17,"width":8,"height":8,"x":160,"y":192,"properties": [{"name":"flagID","type":"int","value":0},{"name":"colorOffset","type":"int","value":128}]},{"name":"Tile:21,23","gid":17,"width":8,"height":8,"x":168,"y":192,"properties": [{"name":"flagID","type":"int","value":0},{"name":"colorOffset","type":"int","value":128}]},{"name":"Tile:22,23","gid":17,"width":8,"height":8,"x":176,"y":192,"properties": [{"name":"flagID","type":"int","value":0},{"name":"colorOffset","type":"int","value":128}]},{"name":"Tile:23,23","gid":17,"width":8,"height":8,"x":184,"y":192,"properties": [{"name":"flagID","type":"int","value":0},{"name":"colorOffset","type":"int","value":128}]},{"name":"Tile:30,23","gid":25,"width":8,"height":8,"x":240,"y":192,"properties": [{"name":"flagID","type":"int","value":255},{"name":"colorOffset","type":"int","value":128}]},{"name":"Tile:31,23","gid":17,"width":8,"height":8,"x":248,"y":192,"properties": [{"name":"flagID","type":"int","value":0},{"name":"colorOffset","type":"int","value":128}]},{"name":"Tile:0,24","gid":17,"width":8,"height":8,"x":0,"y":200,"properties": [{"name":"flagID","type":"int","value":0},{"name":"colorOffset","type":"int","value":128}]},{"name":"Tile:31,24","gid":17,"width":8,"height":8,"x":248,"y":200,"properties": [{"name":"flagID","type":"int","value":0},{"name":"colorOffset","type":"int","value":128}]},{"name":"Tile:0,25","gid":17,"width":8,"height":8,"x":0,"y":208,"properties": [{"name":"flagID","type":"int","value":0},{"name":"colorOffset","type":"int","value":128}]},{"name":"Tile:6,25","gid":0,"width":8,"height":8,"x":48,"y":208,"properties": [{"name":"flagID","type":"int","value":1},{"name":"colorOffset","type":"int","value":0}]},{"name":"Tile:7,25","gid":17,"width":8,"height":8,"x":56,"y":208,"properties": [{"name":"flagID","type":"int","value":0},{"name":"colorOffset","type":"int","value":128}]},{"name":"Tile:8,25","gid":17,"width":8,"height":8,"x":64,"y":208,"properties": [{"name":"flagID","type":"int","value":0},{"name":"colorOffset","type":"int","value":128}]},{"name":"Tile:9,25","gid":17,"width":8,"height":8,"x":72,"y":208,"properties": [{"name":"flagID","type":"int","value":0},{"name":"colorOffset","type":"int","value":128}]},{"name":"Tile:10,25","gid":17,"width":8,"height":8,"x":80,"y":208,"properties": [{"name":"flagID","type":"int","value":0},{"name":"colorOffset","type":"int","value":128}]},{"name":"Tile:11,25","gid":17,"width":8,"height":8,"x":88,"y":208,"properties": [{"name":"flagID","type":"int","value":0},{"name":"colorOffset","type":"int","value":128}]},{"name":"Tile:31,25","gid":17,"width":8,"height":8,"x":248,"y":208,"properties": [{"name":"flagID","type":"int","value":0},{"name":"colorOffset","type":"int","value":128}]},{"name":"Tile:0,26","gid":17,"width":8,"height":8,"x":0,"y":216,"properties": [{"name":"flagID","type":"int","value":0},{"name":"colorOffset","type":"int","value":128}]},{"name":"Tile:31,26","gid":17,"width":8,"height":8,"x":248,"y":216,"properties": [{"name":"flagID","type":"int","value":0},{"name":"colorOffset","type":"int","value":128}]},{"name":"Tile:0,27","gid":17,"width":8,"height":8,"x":0,"y":224,"properties": [{"name":"flagID","type":"int","value":0},{"name":"colorOffset","type":"int","value":128}]},{"name":"Tile:31,27","gid":17,"width":8,"height":8,"x":248,"y":224,"properties": [{"name":"flagID","type":"int","value":0},{"name":"colorOffset","type":"int","value":128}]},{"name":"Tile:0,28","gid":17,"width":8,"height":8,"x":0,"y":232,"properties": [{"name":"flagID","type":"int","value":0},{"name":"colorOffset","type":"int","value":128}]},{"name":"Tile:31,28","gid":17,"width":8,"height":8,"x":248,"y":232,"properties": [{"name":"flagID","type":"int","value":0},{"name":"colorOffset","type":"int","value":128}]},{"name":"Tile:0,29","gid":17,"width":8,"height":8,"x":0,"y":240,"properties": [{"name":"flagID","type":"int","value":0},{"name":"colorOffset","type":"int","value":128}]},{"name":"Tile:1,29","gid":17,"width":8,"height":8,"x":8,"y":240,"properties": [{"name":"flagID","type":"int","value":0},{"name":"colorOffset","type":"int","value":128}]},{"name":"Tile:2,29","gid":17,"width":8,"height":8,"x":16,"y":240,"properties": [{"name":"flagID","type":"int","value":0},{"name":"colorOffset","type":"int","value":128}]},{"name":"Tile:3,29","gid":17,"width":8,"height":8,"x":24,"y":240,"properties": [{"name":"flagID","type":"int","value":0},{"name":"colorOffset","type":"int","value":128}]},{"name":"Tile:4,29","gid":17,"width":8,"height":8,"x":32,"y":240,"properties": [{"name":"flagID","type":"int","value":0},{"name":"colorOffset","type":"int","value":128}]},{"name":"Tile:5,29","gid":17,"width":8,"height":8,"x":40,"y":240,"properties": [{"name":"flagID","type":"int","value":0},{"name":"colorOffset","type":"int","value":128}]},{"name":"Tile:6,29","gid":17,"width":8,"height":8,"x":48,"y":240,"properties": [{"name":"flagID","type":"int","value":0},{"name":"colorOffset","type":"int","value":128}]},{"name":"Tile:7,29","gid":17,"width":8,"height":8,"x":56,"y":240,"properties": [{"name":"flagID","type":"int","value":0},{"name":"colorOffset","type":"int","value":128}]},{"name":"Tile:8,29","gid":17,"width":8,"height":8,"x":64,"y":240,"properties": [{"name":"flagID","type":"int","value":0},{"name":"colorOffset","type":"int","value":128}]},{"name":"Tile:9,29","gid":17,"width":8,"height":8,"x":72,"y":240,"properties": [{"name":"flagID","type":"int","value":0},{"name":"colorOffset","type":"int","value":128}]},{"name":"Tile:10,29","gid":17,"width":8,"height":8,"x":80,"y":240,"properties": [{"name":"flagID","type":"int","value":0},{"name":"colorOffset","type":"int","value":128}]},{"name":"Tile:11,29","gid":17,"width":8,"height":8,"x":88,"y":240,"properties": [{"name":"flagID","type":"int","value":0},{"name":"colorOffset","type":"int","value":128}]},{"name":"Tile:12,29","gid":17,"width":8,"height":8,"x":96,"y":240,"properties": [{"name":"flagID","type":"int","value":0},{"name":"colorOffset","type":"int","value":128}]},{"name":"Tile:13,29","gid":17,"width":8,"height":8,"x":104,"y":240,"properties": [{"name":"flagID","type":"int","value":0},{"name":"colorOffset","type":"int","value":128}]},{"name":"Tile:14,29","gid":17,"width":8,"height":8,"x":112,"y":240,"properties": [{"name":"flagID","type":"int","value":0},{"name":"colorOffset","type":"int","value":128}]},{"name":"Tile:15,29","gid":17,"width":8,"height":8,"x":120,"y":240,"properties": [{"name":"flagID","type":"int","value":0},{"name":"colorOffset","type":"int","value":128}]},{"name":"Tile:16,29","gid":17,"width":8,"height":8,"x":128,"y":240,"properties": [{"name":"flagID","type":"int","value":0},{"name":"colorOffset","type":"int","value":128}]},{"name":"Tile:17,29","gid":17,"width":8,"height":8,"x":136,"y":240,"properties": [{"name":"flagID","type":"int","value":0},{"name":"colorOffset","type":"int","value":128}]},{"name":"Tile:18,29","gid":17,"width":8,"height":8,"x":144,"y":240,"properties": [{"name":"flagID","type":"int","value":0},{"name":"colorOffset","type":"int","value":128}]},{"name":"Tile:19,29","gid":17,"width":8,"height":8,"x":152,"y":240,"properties": [{"name":"flagID","type":"int","value":0},{"name":"colorOffset","type":"int","value":128}]},{"name":"Tile:20,29","gid":17,"width":8,"height":8,"x":160,"y":240,"properties": [{"name":"flagID","type":"int","value":0},{"name":"colorOffset","type":"int","value":128}]},{"name":"Tile:21,29","gid":17,"width":8,"height":8,"x":168,"y":240,"properties": [{"name":"flagID","type":"int","value":0},{"name":"colorOffset","type":"int","value":128}]},{"name":"Tile:22,29","gid":17,"width":8,"height":8,"x":176,"y":240,"properties": [{"name":"flagID","type":"int","value":0},{"name":"colorOffset","type":"int","value":128}]},{"name":"Tile:23,29","gid":17,"width":8,"height":8,"x":184,"y":240,"properties": [{"name":"flagID","type":"int","value":0},{"name":"colorOffset","type":"int","value":128}]},{"name":"Tile:24,29","gid":17,"width":8,"height":8,"x":192,"y":240,"properties": [{"name":"flagID","type":"int","value":0},{"name":"colorOffset","type":"int","value":128}]},{"name":"Tile:25,29","gid":17,"width":8,"height":8,"x":200,"y":240,"properties": [{"name":"flagID","type":"int","value":0},{"name":"colorOffset","type":"int","value":128}]},{"name":"Tile:26,29","gid":17,"width":8,"height":8,"x":208,"y":240,"properties": [{"name":"flagID","type":"int","value":0},{"name":"colorOffset","type":"int","value":128}]},{"name":"Tile:27,29","gid":17,"width":8,"height":8,"x":216,"y":240,"properties": [{"name":"flagID","type":"int","value":0},{"name":"colorOffset","type":"int","value":128}]},{"name":"Tile:28,29","gid":17,"width":8,"height":8,"x":224,"y":240,"properties": [{"name":"flagID","type":"int","value":0},{"name":"colorOffset","type":"int","value":128}]},{"name":"Tile:29,29","gid":17,"width":8,"height":8,"x":232,"y":240,"properties": [{"name":"flagID","type":"int","value":0},{"name":"colorOffset","type":"int","value":128}]},{"name":"Tile:30,29","gid":17,"width":8,"height":8,"x":240,"y":240,"properties": [{"name":"flagID","type":"int","value":0},{"name":"colorOffset","type":"int","value":128}]},{"name":"Tile:31,29","gid":17,"width":8,"height":8,"x":248,"y":240,"properties": [{"name":"flagID","type":"int","value":0},{"name":"colorOffset","type":"int","value":128}]},{"name":"Tile:17,30","gid":30,"width":8,"height":8,"x":136,"y":248,"properties": [{"name":"flagID","type":"int","value":255},{"name":"colorOffset","type":"int","value":128}]},{"name":"Tile:18,30","gid":30,"width":8,"height":8,"x":144,"y":248,"properties": [{"name":"flagID","type":"int","value":255},{"name":"colorOffset","type":"int","value":128}]},{"name":"Tile:19,30","gid":30,"width":8,"height":8,"x":152,"y":248,"properties": [{"name":"flagID","type":"int","value":255},{"name":"colorOffset","type":"int","value":128}]},{"name":"Tile:20,30","gid":30,"width":8,"height":8,"x":160,"y":248,"properties": [{"name":"flagID","type":"int","value":255},{"name":"colorOffset","type":"int","value":128}]}]}]}